1403636580363555584,-0.01729,0.00504,-0.27559,-0.04331,0.82891,0.02617,0.55709,-0.06965,0.00663,-0.43237,
1403636580413555456,-0.01940,0.00504,-0.28232,-0.04088,0.83321,0.02609,0.55083,-0.06157,0.00402,-0.35206,
1403636580463555584,-0.02226,0.00636,-0.29304,-0.04155,0.83827,0.02692,0.54300,-0.05078,0.00614,-0.25513,
1403636580513555456,-0.02408,0.00662,-0.29899,-0.04227,0.84287,0.02781,0.53573,-0.03416,0.00125,-0.11322,
1403636580563555584,-0.02401,0.00634,-0.28669,-0.04335,0.84639,0.02722,0.53010,-0.02134,-0.00702,0.08504,
1403636580613555456,-0.02281,0.00652,-0.26749,-0.04417,0.84802,0.02685,0.52744,0.00089,-0.00483,0.28501,
1403636580663555584,-0.02207,0.00739,-0.24665,-0.04380,0.84753,0.02648,0.52827,0.01959,-0.00187,0.43945,
1403636580713555456,-0.02081,0.00837,-0.22088,-0.04130,0.84564,0.02701,0.53146,0.03789,-0.00994,0.56333,
1403636580763555584,-0.01798,0.00991,-0.18734,-0.03658,0.84308,0.02779,0.53582,0.06236,-0.00764,0.67001,
1403636580813555456,-0.01401,0.01045,-0.14990,-0.03172,0.83990,0.02905,0.54104,0.06422,-0.00101,0.73709,
1403636580863555584,-0.01029,0.01134,-0.11128,-0.02544,0.83600,0.02956,0.54734,0.07357,0.00311,0.77794,
1403636580913555456,-0.00675,0.01247,-0.07245,-0.01887,0.83188,0.02978,0.55384,0.06391,0.02543,0.76515,
1403636580963555584,-0.00315,0.01467,-0.03477,-0.01571,0.82765,0.02976,0.56024,0.05287,0.03427,0.73406,
1403636581013555456,-0.00050,0.01668,0.00050,-0.01474,0.82368,0.03053,0.56604,0.04630,0.04093,0.67614,
1403636581063555584,0.00161,0.01828,0.03323,-0.01605,0.81984,0.03049,0.57155,0.04038,0.02420,0.63591,
1403636581113555456,0.00278,0.01911,0.06384,-0.01632,0.81596,0.02940,0.57712,0.03922,0.01797,0.57995,
1403636581163555584,0.00357,0.01879,0.09188,-0.01800,0.81131,0.02670,0.58374,0.01853,0.00073,0.52216,
1403636581213555456,0.00516,0.01842,0.11711,-0.01880,0.80666,0.02489,0.59020,0.00982,-0.00461,0.45164,
1403636581263555584,0.00508,0.01765,0.13889,-0.02036,0.80137,0.02287,0.59739,-0.01761,-0.00779,0.37619,
1403636581313555456,0.00363,0.01645,0.15502,-0.02037,0.79676,0.02375,0.60349,-0.03971,-0.00507,0.23479,
1403636581363555584,0.00249,0.01598,0.16417,-0.01996,0.79360,0.02351,0.60766,-0.03949,-0.01056,0.06935,
1403636581413555456,-0.00049,0.01510,0.16508,-0.01666,0.79273,0.02413,0.60887,-0.04812,-0.01897,-0.10946,
1403636581463555584,-0.00152,0.01355,0.15915,-0.01407,0.79416,0.02591,0.60699,-0.04018,-0.02059,-0.27878,
1403636581513555456,-0.00263,0.01261,0.14493,-0.01126,0.79734,0.02734,0.60281,-0.03444,-0.01913,-0.41667,
1403636581563555584,-0.00370,0.01118,0.12308,-0.01149,0.80109,0.02616,0.59787,-0.02200,-0.00862,-0.53792,
1403636581613555456,-0.00487,0.00920,0.09677,-0.01320,0.80498,0.02607,0.59258,-0.01904,-0.01479,-0.59552,
1403636581663555584,-0.00629,0.00726,0.06650,-0.01511,0.80797,0.02476,0.58851,-0.02113,-0.03195,-0.63713,
1403636581713555456,-0.00601,0.00437,0.03482,-0.01516,0.81001,0.02677,0.58561,-0.02465,-0.03623,-0.65743,
1403636581763555584,-0.00632,0.00191,0.00222,-0.01756,0.81105,0.02625,0.58413,-0.03319,-0.03303,-0.66373,
1403636581813555456,-0.00644,0.00058,-0.03228,-0.02013,0.81192,0.02815,0.58274,-0.05640,-0.01735,-0.67572,
1403636581863555584,-0.00895,-0.00005,-0.06704,-0.02137,0.81319,0.02830,0.58092,-0.05464,-0.01551,-0.67660,
1403636581913555456,-0.01056,-0.00001,-0.10219,-0.02415,0.81587,0.02764,0.57707,-0.05926,0.00086,-0.65626,
1403636581963555584,-0.01295,0.00024,-0.13458,-0.02306,0.81978,0.02565,0.57164,-0.05378,0.00295,-0.62291,
1403636582013555456,-0.01382,0.00090,-0.16526,-0.02228,0.82444,0.02345,0.56502,-0.04710,0.00211,-0.57451,
1403636582063555584,-0.01496,0.00210,-0.19278,-0.02054,0.82936,0.02292,0.55787,-0.04374,0.01733,-0.49274,
1403636582113555456,-0.01688,0.00267,-0.21538,-0.02076,0.83410,0.02434,0.55069,-0.04706,0.02143,-0.38600,
1403636582163555584,-0.01929,0.00437,-0.23141,-0.02264,0.83804,0.02520,0.54455,-0.03985,0.03092,-0.24341,
1403636582213555456,-0.02179,0.00475,-0.24002,-0.02391,0.84108,0.02690,0.53971,-0.02289,0.02375,-0.08301,
1403636582263555584,-0.02194,0.00549,-0.23976,-0.02469,0.84300,0.02783,0.53663,0.00679,0.01947,0.09604,
1403636582313555456,-0.02126,0.00667,-0.22829,-0.02587,0.84354,0.02866,0.53567,0.01732,0.02649,0.28699,
1403636582363555584,-0.02012,0.00857,-0.20916,-0.02711,0.84218,0.02841,0.53776,0.02087,0.03353,0.43943,
1403636582413555456,-0.01928,0.01050,-0.18462,-0.02745,0.83867,0.02843,0.54320,0.02002,0.02562,0.53491,
1403636582463555584,-0.01816,0.01320,-0.15561,-0.02750,0.83441,0.02761,0.54977,0.03235,0.02498,0.59614,
1403636582513555456,-0.01712,0.01429,-0.12589,-0.02534,0.83066,0.02828,0.55548,0.03336,0.01296,0.63940,
1403636582563555584,-0.01731,0.01375,-0.09359,-0.02407,0.82776,0.02749,0.55989,0.02379,0.00433,0.65209,
1403636582613555456,-0.01524,0.01396,-0.06004,-0.02049,0.82610,0.02752,0.56247,0.02530,-0.00658,0.67038,
1403636582663555584,-0.01411,0.01327,-0.02598,-0.01831,0.82484,0.02614,0.56447,0.01256,-0.01227,0.65997,
1403636582713555456,-0.01386,0.01159,0.00610,-0.01796,0.82345,0.02499,0.56655,0.02846,-0.02590,0.65831,
1403636582763555584,-0.01114,0.00958,0.03960,-0.01757,0.82167,0.02233,0.56926,0.03349,-0.03846,0.64830,
1403636582813555456,-0.00717,0.00831,0.07143,-0.01640,0.81901,0.01812,0.57327,0.04606,-0.05089,0.64911,
1403636582863555584,-0.00359,0.00659,0.10400,-0.01417,0.81528,0.01333,0.57874,0.03142,-0.04565,0.62989,
1403636582913555456,-0.00101,0.00478,0.13379,-0.01331,0.81058,0.00929,0.58541,0.01765,-0.04165,0.57232,
1403636582963555584,-0.00025,0.00225,0.16019,-0.01240,0.80555,0.00806,0.59235,-0.00151,-0.03238,0.48183,
1403636583013555456,0.00041,0.00073,0.18069,-0.01138,0.80064,0.00667,0.59900,-0.01399,-0.02618,0.34558,
1403636583063555584,-0.00017,-0.00006,0.19323,-0.01067,0.79741,0.00760,0.60330,-0.01342,-0.01720,0.18872,
1403636583113555456,-0.00055,-0.00125,0.19823,-0.00938,0.79597,0.00782,0.60521,-0.00937,-0.02450,0.02605,
1403636583163555584,-0.00117,-0.00229,0.19508,-0.00642,0.79589,0.00840,0.60535,-0.01568,-0.01774,-0.15719,
1403636583213555456,-0.00128,-0.00253,0.18504,-0.00466,0.79665,0.00964,0.60435,-0.00530,0.00286,-0.30340,
1403636583263555584,-0.00174,-0.00232,0.16925,-0.00464,0.79781,0.01072,0.60279,-0.00144,-0.00590,-0.42009,
1403636583313555456,-0.00159,-0.00263,0.14719,-0.00525,0.79907,0.01126,0.60111,0.00837,-0.00605,-0.51674,
1403636583363555584,-0.00094,-0.00362,0.12017,-0.00544,0.80049,0.01227,0.59919,-0.00391,-0.02021,-0.59364,
1403636583413555456,0.00063,-0.00501,0.09081,-0.00773,0.80197,0.01298,0.59717,-0.00325,-0.03224,-0.64648,
1403636583463555584,0.00042,-0.00654,0.05743,-0.00839,0.80391,0.01596,0.59448,-0.01875,-0.01786,-0.67700,
1403636583513555456,0.00104,-0.00829,0.02306,-0.00925,0.80573,0.01744,0.59195,-0.02229,-0.03380,-0.69782,
1403636583563555584,0.00018,-0.01055,-0.01305,-0.00843,0.80819,0.01932,0.58854,-0.01715,-0.02666,-0.70380,
1403636583613555456,0.00041,-0.01170,-0.04809,-0.00526,0.81152,0.01926,0.58398,-0.01953,-0.02631,-0.71267,
1403636583663555584,-0.00088,-0.01206,-0.08365,-0.00855,0.81639,0.01992,0.57709,-0.03811,0.00612,-0.69110,
1403636583713555456,-0.00254,-0.01267,-0.11700,-0.01214,0.82252,0.01798,0.56832,-0.04083,-0.00293,-0.64031,
1403636583763555584,-0.00453,-0.01344,-0.14784,-0.01595,0.82901,0.01638,0.55877,-0.04452,-0.00379,-0.58840,
1403636583813555456,-0.00677,-0.01384,-0.17594,-0.01786,0.83463,0.01488,0.55032,-0.04548,-0.00508,-0.52523,
1403636583863555584,-0.00842,-0.01454,-0.20100,-0.01809,0.83876,0.01503,0.54399,-0.04849,-0.00899,-0.47067,
1403636583913555456,-0.01096,-0.01551,-0.22268,-0.01627,0.84148,0.01780,0.53975,-0.04779,-0.00630,-0.38417,
1403636583963555584,-0.01365,-0.01550,-0.23993,-0.01586,0.84301,0.02153,0.53724,-0.05661,0.00577,-0.28608,
1403636584013555456,-0.01617,-0.01485,-0.25137,-0.01737,0.84359,0.02468,0.53613,-0.04611,0.02134,-0.16293,
1403636584063555584,-0.01854,-0.01399,-0.25566,-0.02016,0.84341,0.02795,0.53617,-0.03244,0.02120,-0.02973,
1403636584113555456,-0.01949,-0.01221,-0.25262,-0.02288,0.84329,0.02941,0.53616,0.00233,0.01591,0.12077,
1403636584163555584,-0.01854,-0.01127,-0.24129,-0.02441,0.84331,0.03098,0.53598,0.02421,0.01205,0.27692,
1403636584213555456,-0.01674,-0.01028,-0.22319,-0.02455,0.84313,0.03203,0.53620,0.03403,0.01055,0.39713,
1403636584263555584,-0.01413,-0.00866,-0.20094,-0.02466,0.84232,0.03200,0.53746,0.04465,0.01475,0.49795,
1403636584313555456,-0.01302,-0.00846,-0.17519,-0.02460,0.84107,0.03213,0.53941,0.05137,0.01116,0.55355,
1403636584363555584,-0.01173,-0.00909,-0.14576,-0.02306,0.84002,0.03283,0.54106,0.07367,-0.01030,0.63415,
1403636584413555456,-0.00801,-0.00910,-0.11331,-0.01792,0.83890,0.03326,0.54298,0.07673,-0.01201,0.67679,
1403636584463555584,-0.00630,-0.01162,-0.07873,-0.01416,0.83695,0.03366,0.54606,0.07822,-0.01777,0.70515,
1403636584513555456,-0.00293,-0.01199,-0.04287,-0.01229,0.83416,0.03342,0.55037,0.07223,0.00053,0.73104,
1403636584563555584,0.00234,-0.01076,-0.00620,-0.01140,0.83048,0.03157,0.55603,0.07693,-0.00277,0.73790,
1403636584613555456,0.00765,-0.01033,0.03073,-0.01012,0.82569,0.02923,0.56328,0.06744,0.00380,0.73070,
1403636584663555584,0.01001,-0.01061,0.06642,-0.00810,0.81990,0.02580,0.57187,0.04687,0.00284,0.70377,
1403636584713555456,0.01181,-0.01066,0.10041,-0.00617,0.81367,0.02374,0.58080,0.02153,0.00676,0.64969,
1403636584763555584,0.01213,-0.00985,0.13089,-0.00364,0.80782,0.02054,0.58906,0.00700,0.00540,0.59623,
1403636584813555456,0.01168,-0.00929,0.15880,-0.00257,0.80288,0.01924,0.59582,-0.01730,0.01618,0.51993,
1403636584863555584,0.01025,-0.00853,0.18178,-0.00356,0.79884,0.01665,0.60130,-0.03177,0.01885,0.41822,
1403636584913555456,0.00941,-0.00737,0.19944,-0.00510,0.79600,0.01562,0.60508,-0.03421,0.02634,0.28567,
1403636584963555584,0.00879,-0.00583,0.21020,-0.00635,0.79456,0.01243,0.60702,-0.01609,0.01233,0.13832,
1403636585013555456,0.00804,-0.00536,0.21450,-0.00574,0.79474,0.01038,0.60683,-0.00484,0.01309,-0.01450,
1403636585063555584,0.00842,-0.00492,0.21187,-0.00520,0.79570,0.00847,0.60561,-0.00197,0.00271,-0.14949,
1403636585113555456,0.00967,-0.00468,0.20317,-0.00537,0.79711,0.00819,0.60376,0.00734,0.00499,-0.27689,
1403636585163555584,0.01124,-0.00501,0.18816,-0.00389,0.79883,0.00642,0.60150,0.01499,-0.01231,-0.37635,
1403636585213555456,0.01172,-0.00661,0.16779,-0.00157,0.80068,0.00530,0.59906,0.01634,-0.02790,-0.45912,
1403636585263555584,0.01173,-0.00870,0.14479,0.00305,0.80253,0.00621,0.59657,0.01896,-0.03772,-0.49903,
1403636585313555456,0.01299,-0.01125,0.11984,0.00656,0.80417,0.00716,0.59432,0.01500,-0.05230,-0.52982,
1403636585363555584,0.01346,-0.01424,0.09320,0.01014,0.80593,0.01043,0.59184,0.00512,-0.04466,-0.54404,
1403636585413555456,0.01378,-0.01701,0.06494,0.01154,0.80796,0.01211,0.58900,0.00309,-0.03883,-0.53238,
1403636585463555584,0.01322,-0.01851,0.03900,0.01009,0.81061,0.01577,0.58528,-0.03984,-0.02883,-0.53386,
1403636585513555456,0.01090,-0.02003,0.01330,0.00867,0.81363,0.01867,0.58101,-0.05283,-0.02993,-0.49613,
1403636585563555584,0.00935,-0.02077,-0.01280,0.00428,0.81688,0.02319,0.57632,-0.10064,-0.02229,-0.45797,
1403636585613555456,0.00588,-0.02141,-0.03577,-0.00163,0.82032,0.02718,0.57126,-0.10829,-0.01556,-0.39723,
1403636585663555584,0.00058,-0.02260,-0.05404,-0.00845,0.82413,0.02995,0.56555,-0.12329,-0.01100,-0.31333,
1403636585713555456,-0.00508,-0.02327,-0.06907,-0.01558,0.82820,0.03206,0.55930,-0.11851,-0.01556,-0.25122,
1403636585763555584,-0.01066,-0.02409,-0.08027,-0.02094,0.83244,0.03275,0.55274,-0.10754,-0.00970,-0.16973,
1403636585813555456,-0.01670,-0.02442,-0.08800,-0.02692,0.83672,0.03241,0.54600,-0.11366,-0.00522,-0.12054,
1403636585863555584,-0.02202,-0.02383,-0.09226,-0.03151,0.84164,0.03177,0.53818,-0.09950,-0.00254,-0.05318,
1403636585913555456,-0.02690,-0.02315,-0.09242,-0.03487,0.84667,0.03086,0.53008,-0.09413,-0.00022,-0.01928,
1403636585963555584,-0.03127,-0.02317,-0.09088,-0.03570,0.85241,0.02915,0.52084,-0.06672,-0.00832,0.00275,
1403636586013555456,-0.03442,-0.02307,-0.08949,-0.03397,0.85881,0.02576,0.51051,-0.05758,-0.00345,0.02000,
1403636586063555584,-0.03732,-0.02311,-0.08780,-0.02831,0.86538,0.02169,0.49984,-0.04719,-0.00336,0.03051,
1403636586113555456,-0.04020,-0.02217,-0.08570,-0.02381,0.87098,0.01681,0.49046,-0.05870,0.03192,0.04511,
1403636586163555584,-0.04320,-0.02049,-0.08313,-0.02061,0.87577,0.01226,0.48214,-0.05690,0.03828,0.05452,
1403636586213555456,-0.04669,-0.01838,-0.08055,-0.01991,0.88004,0.00935,0.47438,-0.07982,0.04309,0.04306,
1403636586263555584,-0.05085,-0.01654,-0.07828,-0.02008,0.88462,0.00808,0.46581,-0.08197,0.02480,0.03788,
1403636586313555456,-0.05579,-0.01554,-0.07625,-0.02089,0.88938,0.00574,0.45665,-0.09600,0.01578,0.03019,
1403636586363555584,-0.06088,-0.01512,-0.07469,-0.02115,0.89430,0.00384,0.44696,-0.10237,-0.00137,0.02222,
1403636586413555456,-0.06674,-0.01540,-0.07364,-0.02241,0.89898,0.00140,0.43742,-0.11871,-0.00613,0.01038,
1403636586463555584,-0.07238,-0.01638,-0.07305,-0.02234,0.90333,0.00157,0.42835,-0.11070,-0.02951,0.02024,
1403636586513555456,-0.07747,-0.01840,-0.07206,-0.02209,0.90705,0.00260,0.42043,-0.09325,-0.04683,0.02560,
1403636586563555584,-0.08173,-0.02119,-0.07017,-0.02293,0.90995,0.00430,0.41406,-0.06779,-0.06501,0.03809,
1403636586613555456,-0.08415,-0.02493,-0.06793,-0.02412,0.91169,0.00575,0.41013,-0.03118,-0.07907,0.04607,
1403636586663555584,-0.08495,-0.02944,-0.06526,-0.02467,0.91216,0.00515,0.40907,-0.00246,-0.09899,0.04899,
1403636586713555456,-0.08526,-0.03476,-0.06290,-0.02601,0.91128,0.00568,0.41094,0.01196,-0.09292,0.03350,
1403636586763555584,-0.08393,-0.03919,-0.06150,-0.02877,0.90983,0.00621,0.41394,0.03633,-0.08746,0.02335,
1403636586813555456,-0.08170,-0.04391,-0.06040,-0.03081,0.90818,0.00716,0.41739,0.04707,-0.09623,0.01088,
1403636586863555584,-0.07933,-0.04760,-0.06077,-0.03173,0.90672,0.00840,0.42046,0.04101,-0.05164,-0.01091,
1403636586913555456,-0.07673,-0.04915,-0.06129,-0.03203,0.90559,0.01108,0.42279,0.04690,-0.02715,-0.01153,
1403636586963555584,-0.07413,-0.04989,-0.06214,-0.03353,0.90469,0.01324,0.42455,0.05157,-0.02142,-0.00956,
1403636587013555456,-0.07100,-0.05072,-0.06209,-0.03404,0.90426,0.01710,0.42527,0.05811,-0.01389,-0.00356,
1403636587063555584,-0.06783,-0.05121,-0.06204,-0.03463,0.90468,0.01898,0.42426,0.05579,-0.02102,0.00043,
1403636587113555456,-0.06469,-0.05231,-0.06168,-0.03450,0.90577,0.02146,0.42181,0.05995,-0.03571,-0.00291,
1403636587163555584,-0.06145,-0.05474,-0.06175,-0.03405,0.90690,0.02310,0.41932,0.06299,-0.06483,-0.00603,
1403636587213555456,-0.05789,-0.05854,-0.06199,-0.03466,0.90759,0.02402,0.41773,0.06664,-0.09328,-0.01065,
1403636587263555584,-0.05405,-0.06398,-0.06251,-0.03481,0.90810,0.02343,0.41664,0.07668,-0.12642,-0.01139,
1403636587313555456,-0.05010,-0.07135,-0.06292,-0.03502,0.90844,0.02231,0.41594,0.08399,-0.17100,-0.01241,
1403636587363555584,-0.04547,-0.08095,-0.06404,-0.03453,0.90882,0.02067,0.41524,0.09442,-0.20073,-0.00754,
1403636587413555456,-0.04086,-0.09183,-0.06437,-0.03447,0.90925,0.01916,0.41438,0.08856,-0.23664,-0.01235,
1403636587463555584,-0.03613,-0.10470,-0.06517,-0.03493,0.90978,0.01690,0.41328,0.08791,-0.26896,-0.00699,
1403636587513555456,-0.03203,-0.11878,-0.06538,-0.03559,0.91029,0.01482,0.41218,0.07960,-0.30487,-0.00697,
1403636587563555584,-0.02782,-0.13522,-0.06570,-0.03597,0.91055,0.01289,0.41164,0.08331,-0.33591,-0.00112,
1403636587613555456,-0.02389,-0.15254,-0.06561,-0.03553,0.91039,0.01023,0.41209,0.08289,-0.35893,0.00980,
1403636587663555584,-0.02028,-0.17036,-0.06496,-0.03493,0.90947,0.00738,0.41423,0.09067,-0.37432,0.01353,
1403636587713555456,-0.01601,-0.18970,-0.06385,-0.03407,0.90807,0.00383,0.41741,0.08984,-0.38095,0.02380,
1403636587763555584,-0.01191,-0.20890,-0.06245,-0.03316,0.90652,-0.00040,0.42086,0.08290,-0.38594,0.01902,
1403636587813555456,-0.00867,-0.22764,-0.06156,-0.03137,0.90534,-0.00424,0.42351,0.07442,-0.38209,0.00704,
1403636587863555584,-0.00480,-0.24802,-0.06140,-0.02988,0.90501,-0.00812,0.42426,0.06392,-0.37632,-0.01483,
1403636587913555456,-0.00130,-0.26696,-0.06268,-0.02775,0.90560,-0.01124,0.42308,0.05187,-0.36480,-0.02949,
1403636587963555584,0.00133,-0.28606,-0.06432,-0.02439,0.90719,-0.01460,0.41976,0.04189,-0.35419,-0.03925,
1403636588013555456,0.00345,-0.30374,-0.06628,-0.01997,0.90953,-0.01759,0.41478,0.03696,-0.33250,-0.04532,
1403636588063555584,0.00564,-0.31990,-0.06885,-0.01760,0.91153,-0.02132,0.41030,0.03596,-0.28633,-0.05170,
1403636588113555456,0.00757,-0.33321,-0.07170,-0.01736,0.91293,-0.02291,0.40711,0.02890,-0.25558,-0.05201,
1403636588163555584,0.01010,-0.34586,-0.07449,-0.01652,0.91377,-0.02292,0.40525,0.03182,-0.22206,-0.04938,
1403636588213555456,0.01163,-0.35558,-0.07687,-0.01697,0.91391,-0.02248,0.40493,0.02148,-0.17945,-0.04443,
1403636588263555584,0.01318,-0.36237,-0.07915,-0.01793,0.91357,-0.02240,0.40567,0.02291,-0.12700,-0.03902,
1403636588313555456,0.01415,-0.36753,-0.08087,-0.01966,0.91283,-0.02244,0.40724,0.00844,-0.08727,-0.02917,
1403636588363555584,0.01440,-0.36957,-0.08219,-0.02148,0.91206,-0.02178,0.40892,-0.00022,-0.03865,-0.02361,
1403636588413555456,0.01301,-0.36756,-0.08273,-0.02295,0.91137,-0.02250,0.41033,-0.01896,0.00289,-0.01890,
1403636588463555584,0.01294,-0.36774,-0.08391,-0.02331,0.91113,-0.02315,0.41080,-0.02548,0.03744,-0.00603,
1403636588513555456,0.01150,-0.36411,-0.08352,-0.02138,0.91138,-0.02328,0.41034,-0.03829,0.08129,0.01973,
1403636588563555584,0.00973,-0.35804,-0.08201,-0.02013,0.91136,-0.02327,0.41046,-0.04160,0.12687,0.03495,
1403636588613555456,0.00748,-0.34931,-0.07994,-0.02048,0.91123,-0.02323,0.41072,-0.05887,0.17625,0.04459,
1403636588663555584,0.00457,-0.33878,-0.07733,-0.02113,0.91111,-0.02234,0.41101,-0.06733,0.21092,0.03332,
1403636588713555456,0.00041,-0.32641,-0.07588,-0.02316,0.91131,-0.02148,0.41051,-0.08551,0.25048,0.01715,
1403636588763555584,-0.00387,-0.31262,-0.07522,-0.02460,0.91190,-0.01902,0.40923,-0.08420,0.27336,0.00797,
1403636588813555456,-0.00775,-0.29688,-0.07497,-0.02607,0.91258,-0.01715,0.40769,-0.07790,0.30237,0.00276,
1403636588863555584,-0.01136,-0.28019,-0.07481,-0.02811,0.91294,-0.01544,0.40682,-0.07820,0.34557,0.00834,
1403636588913555456,-0.01530,-0.26221,-0.07407,-0.03064,0.91286,-0.01358,0.40689,-0.08690,0.36625,0.01905,
1403636588963555584,-0.01954,-0.24340,-0.07294,-0.03291,0.91248,-0.01092,0.40766,-0.08825,0.38861,0.03405,
1403636589013555456,-0.02404,-0.22353,-0.07087,-0.03515,0.91172,-0.00816,0.40922,-0.09789,0.40730,0.04630,
1403636589063555584,-0.02911,-0.20254,-0.06837,-0.03738,0.91060,-0.00524,0.41157,-0.10146,0.41777,0.05166,
1403636589113555456,-0.03394,-0.18051,-0.06547,-0.03881,0.90945,-0.00185,0.41399,-0.09409,0.43497,0.06349,
1403636589163555584,-0.03865,-0.15829,-0.06220,-0.04024,0.90836,0.00035,0.41625,-0.09331,0.44724,0.06040,
1403636589213555456,-0.04311,-0.13534,-0.05936,-0.04185,0.90777,0.00248,0.41737,-0.09311,0.46624,0.05738,
1403636589263555584,-0.04748,-0.11295,-0.05710,-0.04304,0.90780,0.00469,0.41717,-0.09504,0.46421,0.03936,
1403636589313555456,-0.05246,-0.08958,-0.05521,-0.04412,0.90825,0.00808,0.41602,-0.09562,0.47340,0.02230,
1403636589363555584,-0.05738,-0.06587,-0.05438,-0.04553,0.90911,0.01086,0.41391,-0.09141,0.47148,0.00986,
1403636589413555456,-0.06236,-0.04135,-0.05353,-0.04599,0.90983,0.01407,0.41219,-0.08715,0.46593,0.00591,
1403636589463555584,-0.06693,-0.01842,-0.05290,-0.04596,0.90994,0.01656,0.41186,-0.08909,0.46547,0.00499,
1403636589513555456,-0.07149,0.00548,-0.05294,-0.04673,0.90954,0.01782,0.41260,-0.09150,0.47089,-0.00104,
1403636589563555584,-0.07614,0.02909,-0.05324,-0.04818,0.90888,0.01922,0.41382,-0.09423,0.46740,-0.00815,
1403636589613555456,-0.08092,0.05276,-0.05339,-0.04857,0.90825,0.02096,0.41507,-0.08847,0.46101,-0.00151,
1403636589663555584,-0.08565,0.07644,-0.05372,-0.04929,0.90764,0.02281,0.41622,-0.09398,0.45909,-0.01108,
1403636589713555456,-0.09071,0.10036,-0.05415,-0.04998,0.90731,0.02436,0.41676,-0.08974,0.45596,-0.01698,
1403636589763555584,-0.09554,0.12384,-0.05519,-0.05258,0.90735,0.02661,0.41624,-0.08925,0.44341,-0.03408,
1403636589813555456,-0.10031,0.14694,-0.05689,-0.05517,0.90801,0.02972,0.41423,-0.08196,0.41502,-0.04357,
1403636589863555584,-0.10444,0.16772,-0.05885,-0.05751,0.90922,0.03318,0.41098,-0.07363,0.38316,-0.04343,
1403636589913555456,-0.10826,0.18590,-0.06078,-0.06054,0.91030,0.03656,0.40786,-0.07122,0.35437,-0.05133,
1403636589963555584,-0.11161,0.20257,-0.06276,-0.06458,0.91080,0.03917,0.40587,-0.06137,0.32516,-0.04169,
1403636590013555456,-0.11538,0.22003,-0.06451,-0.06824,0.91036,0.04171,0.40602,-0.05354,0.28577,-0.01896,
1403636590063555584,-0.11783,0.23334,-0.06491,-0.07077,0.90907,0.04396,0.40823,-0.04427,0.23879,-0.00162,
1403636590113555456,-0.11958,0.24317,-0.06491,-0.07340,0.90734,0.04601,0.41138,-0.03367,0.18596,0.00819,
1403636590163555584,-0.12186,0.25152,-0.06418,-0.07625,0.90567,0.04751,0.41437,-0.02814,0.12019,0.01101,
1403636590213555456,-0.12258,0.25365,-0.06341,-0.07748,0.90453,0.04893,0.41645,-0.02142,0.04762,0.01930,
1403636590263555584,-0.12321,0.25278,-0.06256,-0.07750,0.90416,0.04991,0.41713,-0.01920,-0.02040,0.01394,
1403636590313555456,-0.12427,0.24980,-0.06144,-0.07636,0.90451,0.05076,0.41648,-0.01211,-0.08403,0.01854,
1403636590363555584,-0.12458,0.24346,-0.06042,-0.07464,0.90513,0.04991,0.41554,-0.00703,-0.14768,0.01733,
1403636590413555456,-0.12465,0.23386,-0.05897,-0.07244,0.90559,0.04920,0.41501,-0.00015,-0.20818,0.02208,
1403636590463555584,-0.12465,0.22150,-0.05738,-0.06955,0.90573,0.04742,0.41542,0.00924,-0.26582,0.03359,
1403636590513555456,-0.12393,0.20681,-0.05543,-0.06672,0.90542,0.04643,0.41666,0.01624,-0.30558,0.03461,
1403636590563555584,-0.12314,0.19019,-0.05342,-0.06387,0.90494,0.04504,0.41830,0.02391,-0.34484,0.04005,
1403636590613555456,-0.12199,0.17196,-0.05156,-0.06207,0.90442,0.04379,0.41982,0.03125,-0.37194,0.02837,
1403636590663555584,-0.12023,0.15282,-0.05054,-0.06013,0.90421,0.04189,0.42075,0.04220,-0.39278,0.01867,
1403636590713555456,-0.11767,0.13213,-0.05016,-0.05858,0.90446,0.04010,0.42060,0.05182,-0.41823,0.00307,
1403636590763555584,-0.11416,0.11100,-0.05057,-0.05747,0.90533,0.03743,0.41913,0.06755,-0.42277,-0.01304,
1403636590813555456,-0.11022,0.08918,-0.05194,-0.05814,0.90656,0.03543,0.41656,0.08023,-0.44208,-0.03043,
1403636590863555584,-0.10637,0.06665,-0.05349,-0.05850,0.90795,0.03301,0.41365,0.08720,-0.45630,-0.03374,
1403636590913555456,-0.10204,0.04279,-0.05494,-0.05818,0.90916,0.03115,0.41118,0.09775,-0.47250,-0.03190,
1403636590963555584,-0.09733,0.01898,-0.05667,-0.05727,0.90978,0.02985,0.41002,0.09753,-0.47181,-0.03765,
1403636591013555456,-0.09229,-0.00402,-0.05878,-0.05746,0.90978,0.02934,0.41004,0.11075,-0.45725,-0.03349,
1403636591063555584,-0.08694,-0.02710,-0.06051,-0.05895,0.90938,0.02928,0.41072,0.10950,-0.44818,-0.03390,
1403636591113555456,-0.08140,-0.04919,-0.06192,-0.06039,0.90908,0.02910,0.41118,0.11470,-0.43683,-0.02606,
1403636591163555584,-0.07607,-0.07053,-0.06327,-0.06146,0.90909,0.02769,0.41110,0.10959,-0.41770,-0.02768,
1403636591213555456,-0.07116,-0.09033,-0.06471,-0.06189,0.90938,0.02654,0.41047,0.10828,-0.39855,-0.03640,
1403636591263555584,-0.06674,-0.10883,-0.06685,-0.06169,0.90990,0.02523,0.40943,0.09574,-0.36588,-0.04963,
1403636591313555456,-0.06266,-0.12486,-0.06977,-0.06072,0.91051,0.02381,0.40831,0.08837,-0.32416,-0.06025,
1403636591363555584,-0.05889,-0.14061,-0.07281,-0.05957,0.91118,0.02169,0.40711,0.07492,-0.28104,-0.06693,
1403636591413555456,-0.05521,-0.15405,-0.07642,-0.05872,0.91152,0.01954,0.40657,0.07469,-0.23129,-0.08156,
1403636591463555584,-0.05189,-0.16466,-0.08047,-0.05893,0.91158,0.01747,0.40649,0.08125,-0.20164,-0.08340,
1403636591513555456,-0.04760,-0.17434,-0.08487,-0.05703,0.91126,0.01593,0.40754,0.08840,-0.18599,-0.08263,
1403636591563555584,-0.04281,-0.18255,-0.08917,-0.05302,0.91002,0.01198,0.41099,0.09620,-0.16129,-0.08163,
1403636591613555456,-0.03834,-0.18895,-0.09342,-0.04750,0.90763,0.00616,0.41703,0.10391,-0.13497,-0.07363,
1403636591663555584,-0.03381,-0.19401,-0.09700,-0.04284,0.90380,0.00139,0.42580,0.08592,-0.09099,-0.06174,
1403636591713555456,-0.03037,-0.19698,-0.09937,-0.03862,0.89932,-0.00167,0.43558,0.08083,-0.06803,-0.03485,
1403636591763555584,-0.02638,-0.20048,-0.10055,-0.03395,0.89480,-0.00434,0.44516,0.07744,-0.05933,-0.01194,
1403636591813555456,-0.02291,-0.20271,-0.10031,-0.02947,0.89002,-0.00788,0.45490,0.07590,-0.05092,0.00401,
1403636591863555584,-0.01969,-0.20482,-0.09992,-0.02611,0.88602,-0.01138,0.46278,0.07383,-0.05093,0.00487,
1403636591913555456,-0.01618,-0.20727,-0.09943,-0.02321,0.88346,-0.01536,0.46767,0.07497,-0.04497,0.00160,
1403636591963555584,-0.01241,-0.20978,-0.09938,-0.02201,0.88335,-0.02040,0.46776,0.09274,-0.06236,-0.00497,
1403636592013555456,-0.00674,-0.21361,-0.09973,-0.02036,0.88501,-0.02534,0.46443,0.13104,-0.08880,-0.01815,
1403636592063555584,0.00076,-0.21853,-0.10006,-0.01832,0.88669,-0.03165,0.46092,0.17633,-0.10392,-0.01666,
1403636592113555456,0.00977,-0.22407,-0.10101,-0.01627,0.88828,-0.03773,0.45745,0.19823,-0.11195,-0.02561,
1403636592163555584,0.02015,-0.23023,-0.10201,-0.01449,0.89005,-0.04338,0.45357,0.22715,-0.11381,-0.02731,
1403636592213555456,0.03161,-0.23569,-0.10342,-0.01280,0.89210,-0.04727,0.44919,0.24324,-0.10616,-0.02472,
1403636592263555584,0.04422,-0.24094,-0.10425,-0.01165,0.89410,-0.04937,0.44499,0.26265,-0.08118,-0.01894,
1403636592313555456,0.05756,-0.24421,-0.10508,-0.01174,0.89589,-0.04987,0.44131,0.28555,-0.04726,-0.01677,
1403636592363555584,0.07283,-0.24618,-0.10556,-0.01428,0.89745,-0.05092,0.43794,0.30519,-0.00772,-0.01168,
1403636592413555456,0.08827,-0.24551,-0.10580,-0.01741,0.89866,-0.04890,0.43556,0.32532,0.04327,0.00095,
1403636592463555584,0.10476,-0.24222,-0.10557,-0.02092,0.89884,-0.04563,0.43539,0.33634,0.09223,0.01257,
1403636592513555456,0.12096,-0.23638,-0.10477,-0.02520,0.89772,-0.04001,0.43801,0.34281,0.13985,0.02168,
1403636592563555584,0.13700,-0.22807,-0.10376,-0.02914,0.89573,-0.03310,0.44240,0.33040,0.19569,0.01232,
1403636592613555456,0.15291,-0.21731,-0.10316,-0.03332,0.89350,-0.02463,0.44715,0.32305,0.23209,0.00876,
1403636592663555584,0.16802,-0.20435,-0.10315,-0.03657,0.89168,-0.01568,0.45091,0.29822,0.28712,-0.00353,
1403636592713555456,0.18054,-0.18942,-0.10309,-0.04081,0.89041,-0.00675,0.45327,0.26298,0.32628,-0.00360,
1403636592763555584,0.19315,-0.17104,-0.10360,-0.04682,0.88984,0.00318,0.45385,0.22274,0.39500,-0.00317,
1403636592813555456,0.20262,-0.14978,-0.10361,-0.05493,0.88954,0.01341,0.45334,0.16330,0.44772,-0.01141,
1403636592863555584,0.20915,-0.12572,-0.10428,-0.06503,0.88967,0.02430,0.45130,0.09588,0.50388,-0.02207,
1403636592913555456,0.21296,-0.09930,-0.10503,-0.07438,0.89010,0.03567,0.44824,0.02346,0.53516,-0.01914,
1403636592963555584,0.21192,-0.07153,-0.10548,-0.08355,0.89046,0.04689,0.44486,-0.05688,0.57432,-0.00991,
1403636593013555456,0.20710,-0.04160,-0.10592,-0.09292,0.89057,0.05849,0.44139,-0.14859,0.60627,-0.00279,
1403636593063555584,0.19845,-0.01016,-0.10581,-0.10142,0.89041,0.06996,0.43816,-0.21174,0.60921,0.00719,
1403636593113555456,0.18535,0.01993,-0.10492,-0.10865,0.88971,0.08190,0.43579,-0.30290,0.61408,0.01987,
1403636593163555584,0.16827,0.04995,-0.10382,-0.11787,0.88862,0.09152,0.43370,-0.36361,0.59132,0.02606,
1403636593213555456,0.14820,0.07897,-0.10226,-0.12706,0.88743,0.09831,0.43204,-0.42332,0.57251,0.03795,
1403636593263555584,0.12527,0.10552,-0.10026,-0.13718,0.88617,0.10407,0.43018,-0.47453,0.50833,0.03157,
1403636593313555456,0.10109,0.12937,-0.09857,-0.14353,0.88595,0.10872,0.42740,-0.48890,0.43353,0.02962,
1403636593363555584,0.07607,0.14886,-0.09747,-0.14636,0.88628,0.11267,0.42472,-0.51877,0.34395,0.00904,
1403636593413555456,0.05010,0.16390,-0.09780,-0.14789,0.88682,0.11471,0.42251,-0.52239,0.24843,-0.00737,
1403636593463555584,0.02360,0.17254,-0.09813,-0.14668,0.88757,0.11593,0.42102,-0.52879,0.14080,-0.02301,
1403636593513555456,-0.00274,0.17666,-0.09978,-0.14410,0.88887,0.11370,0.41977,-0.52115,0.05137,-0.04577,
1403636593563555584,-0.02758,0.17656,-0.10258,-0.14209,0.89055,0.10955,0.41802,-0.50184,-0.02458,-0.05587,
1403636593613555456,-0.05274,0.17155,-0.10482,-0.13946,0.89312,0.10314,0.41503,-0.48286,-0.11361,-0.06930,
1403636593663555584,-0.07398,0.16215,-0.10823,-0.13704,0.89623,0.09463,0.41114,-0.45582,-0.19824,-0.07064,
1403636593713555456,-0.09452,0.14905,-0.11117,-0.13161,0.89974,0.08459,0.40742,-0.41521,-0.28189,-0.06719,
1403636593763555584,-0.11360,0.13256,-0.11396,-0.12450,0.90295,0.07143,0.40507,-0.38549,-0.35735,-0.05889,
1403636593813555456,-0.13198,0.11253,-0.11633,-0.11531,0.90525,0.05659,0.40500,-0.34202,-0.41968,-0.04128,
1403636593863555584,-0.14698,0.09101,-0.11857,-0.10509,0.90618,0.03934,0.40773,-0.29621,-0.46688,-0.02413,
1403636593913555456,-0.15921,0.06803,-0.11982,-0.09351,0.90589,0.02119,0.41251,-0.24148,-0.50299,-0.00561,
1403636593963555584,-0.17038,0.04244,-0.12015,-0.08092,0.90466,0.00320,0.41836,-0.19257,-0.53239,0.00793,
1403636594013555456,-0.18009,0.01412,-0.11966,-0.06789,0.90301,-0.01378,0.42399,-0.13105,-0.55771,0.01602,
1403636594063555584,-0.18561,-0.01418,-0.11884,-0.05473,0.90150,-0.03050,0.42821,-0.06708,-0.56384,0.01961,
1403636594113555456,-0.18653,-0.04215,-0.11864,-0.04345,0.90044,-0.04627,0.43033,0.01633,-0.56170,0.00226,
1403636594163555584,-0.18379,-0.06944,-0.11872,-0.03304,0.89994,-0.06093,0.43046,0.10341,-0.55979,-0.00648,
1403636594213555456,-0.17731,-0.09785,-0.11980,-0.02359,0.89978,-0.07252,0.42963,0.18781,-0.55289,-0.01678,
1403636594263555584,-0.16625,-0.12554,-0.12151,-0.01488,0.89966,-0.08167,0.42862,0.27273,-0.54491,-0.02723,
1403636594313555456,-0.15139,-0.15305,-0.12337,-0.00689,0.89946,-0.08776,0.42805,0.35399,-0.53207,-0.01975,
1403636594363555584,-0.13281,-0.17951,-0.12512,0.00068,0.89886,-0.09213,0.42845,0.41825,-0.51296,-0.02496,
1403636594413555456,-0.11011,-0.20462,-0.12693,0.00715,0.89751,-0.09429,0.43074,0.48228,-0.48477,-0.02006,
1403636594463555584,-0.08562,-0.22875,-0.12806,0.01267,0.89554,-0.09406,0.43474,0.52051,-0.44222,-0.01972,
1403636594513555456,-0.06007,-0.25062,-0.12932,0.01608,0.89301,-0.09257,0.44012,0.53717,-0.37341,-0.02327,
1403636594563555584,-0.03380,-0.26802,-0.12982,0.01658,0.89018,-0.09301,0.44571,0.54613,-0.28013,-0.01842,
1403636594613555456,-0.00805,-0.28018,-0.13012,0.01583,0.88805,-0.09265,0.45005,0.52178,-0.17519,-0.01198,
1403636594663555584,0.01646,-0.28573,-0.13021,0.01416,0.88629,-0.09285,0.45350,0.49192,-0.04320,-0.01127,
1403636594713555456,0.03961,-0.28520,-0.13002,0.01221,0.88538,-0.09014,0.45588,0.45956,0.08495,-0.01129,
1403636594763555584,0.06027,-0.27751,-0.13049,0.00832,0.88481,-0.08498,0.45806,0.41027,0.21647,-0.02652,
1403636594813555456,0.08244,-0.26381,-0.13260,0.00263,0.88451,-0.07595,0.46030,0.38181,0.35671,-0.03380,
1403636594863555584,0.10002,-0.24301,-0.13476,-0.00384,0.88409,-0.06535,0.46271,0.32229,0.47917,-0.02962,
1403636594913555456,0.11553,-0.21569,-0.13639,-0.01078,0.88365,-0.05144,0.46519,0.25243,0.59918,-0.02400,
1403636594963555584,0.12497,-0.18348,-0.13705,-0.01918,0.88326,-0.03522,0.46716,0.16843,0.69395,-0.01991,
1403636595013555456,0.13230,-0.14594,-0.13775,-0.03134,0.88281,-0.01799,0.46833,0.08116,0.77402,-0.01301,
1403636595063555584,0.13476,-0.10613,-0.13896,-0.04303,0.88280,0.00047,0.46777,0.00873,0.80855,-0.02574,
1403636595113555456,0.13365,-0.06593,-0.13988,-0.05573,0.88319,0.01783,0.46536,-0.05677,0.80382,-0.02189,
1403636595163555584,0.13034,-0.02542,-0.14090,-0.06770,0.88355,0.03385,0.46218,-0.11530,0.78458,-0.02442,
1403636595213555456,0.12335,0.01322,-0.14178,-0.08044,0.88376,0.04802,0.45847,-0.17382,0.72812,-0.01335,
1403636595263555584,0.11378,0.04858,-0.14240,-0.09216,0.88363,0.06150,0.45488,-0.22691,0.64854,-0.02186,
1403636595313555456,0.10107,0.07953,-0.14338,-0.10201,0.88346,0.07335,0.45134,-0.27567,0.54776,-0.00964,
1403636595363555584,0.08609,0.10437,-0.14367,-0.10909,0.88310,0.08320,0.44868,-0.30772,0.42376,-0.01189,
1403636595413555456,0.07027,0.12262,-0.14412,-0.11446,0.88288,0.08930,0.44659,-0.31975,0.29168,-0.00441,
1403636595463555584,0.05403,0.13490,-0.14492,-0.11774,0.88289,0.09391,0.44478,-0.32764,0.14675,-0.01262,
1403636595513555456,0.03735,0.13877,-0.14572,-0.11979,0.88351,0.09545,0.44265,-0.32200,0.00994,-0.01922,
1403636595563555584,0.02052,0.13208,-0.14713,-0.12079,0.88427,0.09830,0.44025,-0.31705,-0.13896,-0.02564,
1403636595613555456,0.00557,0.11992,-0.14843,-0.11995,0.88547,0.09825,0.43807,-0.30167,-0.26971,-0.03945,
1403636595663555584,-0.00945,0.10132,-0.14994,-0.11661,0.88690,0.09673,0.43641,-0.28607,-0.37981,-0.04243,
1403636595713555456,-0.02154,0.07986,-0.15202,-0.11138,0.88843,0.09172,0.43575,-0.25701,-0.46839,-0.05593,
1403636595763555584,-0.03550,0.05246,-0.15341,-0.10286,0.88984,0.08607,0.43612,-0.24562,-0.54746,-0.05737,
1403636595813555456,-0.04786,0.02296,-0.15544,-0.09186,0.89129,0.07676,0.43735,-0.22094,-0.59435,-0.06348,
1403636595863555584,-0.05830,-0.00601,-0.15889,-0.08020,0.89256,0.06639,0.43874,-0.22408,-0.59789,-0.06641,
1403636595913555456,-0.06979,-0.03612,-0.16162,-0.06958,0.89402,0.05370,0.43933,-0.22005,-0.59429,-0.06753,
1403636595963555584,-0.08159,-0.06565,-0.16421,-0.05925,0.89561,0.04116,0.43896,-0.24481,-0.55234,-0.04649,
1403636596013555456,-0.09483,-0.09306,-0.16631,-0.04894,0.89748,0.02913,0.43736,-0.27634,-0.49655,-0.04139,
1403636596063555584,-0.10917,-0.11544,-0.16793,-0.03954,0.89914,0.01637,0.43556,-0.30266,-0.39318,-0.02612,
1403636596113555456,-0.12525,-0.13212,-0.16906,-0.03214,0.90049,0.00467,0.43366,-0.32349,-0.26386,-0.01311,
1403636596163555584,-0.14205,-0.14277,-0.16885,-0.02759,0.90128,-0.00444,0.43233,-0.32956,-0.13004,0.02080,
1403636596213555456,-0.15885,-0.14543,-0.16722,-0.02520,0.90126,-0.01100,0.43240,-0.34625,0.02412,0.05025,
1403636596263555584,-0.17694,-0.14101,-0.16410,-0.02544,0.90082,-0.01589,0.43316,-0.35911,0.14742,0.08713,
1403636596313555456,-0.19598,-0.13166,-0.15911,-0.02628,0.89995,-0.01912,0.43477,-0.38494,0.24082,0.11790,
1403636596363555584,-0.21738,-0.11803,-0.15310,-0.02621,0.89896,-0.02104,0.43674,-0.42331,0.30480,0.13875,
1403636596413555456,-0.23929,-0.10186,-0.14622,-0.02511,0.89777,-0.02047,0.43927,-0.43148,0.33537,0.14748,
1403636596463555584,-0.26152,-0.08474,-0.13954,-0.02474,0.89639,-0.01842,0.44219,-0.42151,0.34739,0.12848,
1403636596513555456,-0.28164,-0.06742,-0.13348,-0.02422,0.89514,-0.01524,0.44487,-0.37650,0.33369,0.12423,
1403636596563555584,-0.29872,-0.05201,-0.12796,-0.02407,0.89419,-0.01141,0.44689,-0.32954,0.31262,0.09441,
1403636596613555456,-0.31371,-0.03732,-0.12407,-0.02312,0.89419,-0.00987,0.44699,-0.26508,0.27850,0.07448,
1403636596663555584,-0.32532,-0.02437,-0.12066,-0.02313,0.89475,-0.00897,0.44588,-0.19131,0.23240,0.04452,
1403636596713555456,-0.33314,-0.01386,-0.11931,-0.02332,0.89532,-0.00776,0.44474,-0.09524,0.17216,0.01961,
1403636596763555584,-0.33546,-0.00697,-0.11871,-0.02293,0.89526,-0.00495,0.44494,0.01344,0.10619,-0.00125,
1403636596813555456,-0.33231,-0.00324,-0.11952,-0.02232,0.89413,-0.00341,0.44725,0.13205,0.04645,-0.02065,
1403636596863555584,-0.32397,-0.00162,-0.12042,-0.02001,0.89277,-0.00074,0.45007,0.24959,-0.00710,-0.02389,
1403636596913555456,-0.31068,-0.00182,-0.12185,-0.01812,0.89146,0.00046,0.45273,0.35318,-0.03951,-0.03635,
1403636596963555584,-0.29147,-0.00420,-0.12350,-0.01497,0.89136,0.00259,0.45303,0.45567,-0.07617,-0.03756,
1403636597013555456,-0.26736,-0.00773,-0.12565,-0.01358,0.89244,0.00233,0.45095,0.53227,-0.08604,-0.04879,
1403636597063555584,-0.23930,-0.01311,-0.12853,-0.01268,0.89485,0.00351,0.44617,0.59330,-0.11046,-0.05877,
1403636597113555456,-0.20832,-0.01803,-0.13097,-0.01474,0.89748,0.00479,0.44077,0.64516,-0.09846,-0.04321,
1403636597163555584,-0.17537,-0.02294,-0.13252,-0.01751,0.89969,0.00921,0.43608,0.67739,-0.10332,-0.01873,
1403636597213555456,-0.14059,-0.02737,-0.13263,-0.02142,0.90090,0.01483,0.43325,0.71361,-0.09632,0.01572,
1403636597263555584,-0.10449,-0.03130,-0.13140,-0.02528,0.90095,0.02145,0.43265,0.72029,-0.07517,0.03935,
1403636597313555456,-0.06832,-0.03448,-0.12963,-0.02905,0.90008,0.02896,0.43380,0.72406,-0.04675,0.03745,
1403636597363555584,-0.03225,-0.03601,-0.12767,-0.03415,0.89865,0.03583,0.43586,0.71951,-0.01993,0.04042,
1403636597413555456,0.00288,-0.03660,-0.12614,-0.03750,0.89720,0.04432,0.43779,0.68143,0.01050,0.02786,
1403636597463555584,0.03476,-0.03538,-0.12484,-0.04199,0.89572,0.05258,0.43949,0.61958,0.04483,0.02096,
1403636597513555456,0.06346,-0.03227,-0.12412,-0.04668,0.89396,0.06251,0.44131,0.52622,0.09610,0.00654,
1403636597563555584,0.08725,-0.02659,-0.12395,-0.05429,0.89178,0.07107,0.44355,0.42201,0.13530,-0.00496,
1403636597613555456,0.10461,-0.01888,-0.12423,-0.06370,0.88895,0.07916,0.44660,0.28987,0.18488,-0.01543,
1403636597663555584,0.11671,-0.00892,-0.12539,-0.07347,0.88580,0.08688,0.44990,0.15934,0.21350,-0.02459,
1403636597713555456,0.12010,0.00232,-0.12641,-0.08242,0.88255,0.09424,0.45324,0.03189,0.23294,-0.02199,
1403636597763555584,0.11802,0.01430,-0.12742,-0.08907,0.87948,0.10084,0.45652,-0.09364,0.23326,-0.01555,
1403636597813555456,0.11065,0.02567,-0.12826,-0.09412,0.87660,0.10661,0.45972,-0.19787,0.21033,-0.01508,
1403636597863555584,0.09885,0.03548,-0.12911,-0.09619,0.87443,0.11224,0.46209,-0.27830,0.16959,-0.01530,
1403636597913555456,0.08313,0.04388,-0.13011,-0.09753,0.87287,0.11819,0.46326,-0.35749,0.13429,-0.02213,
1403636597963555584,0.06434,0.05006,-0.13131,-0.09725,0.87247,0.12312,0.46280,-0.39870,0.09457,-0.02806,
1403636598013555456,0.04308,0.05415,-0.13238,-0.09683,0.87312,0.12680,0.46067,-0.44421,0.06325,-0.03295,
1403636598063555584,0.02073,0.05702,-0.13502,-0.09622,0.87478,0.12831,0.45720,-0.45926,0.02873,-0.06135,
1403636598113555456,-0.00243,0.05807,-0.13823,-0.09652,0.87759,0.12835,0.45171,-0.46348,-0.00206,-0.07055,
1403636598163555584,-0.02484,0.05698,-0.14230,-0.09448,0.88136,0.12802,0.44485,-0.43485,-0.04837,-0.09609,
1403636598213555456,-0.04549,0.05398,-0.14765,-0.09155,0.88594,0.12723,0.43651,-0.38761,-0.06833,-0.12184,
1403636598263555584,-0.06374,0.04967,-0.15406,-0.08737,0.89031,0.12791,0.42819,-0.31706,-0.09161,-0.14243,
1403636598363555584,-0.08541,0.03875,-0.16748,-0.07757,0.89609,0.12724,0.41811,-0.11512,-0.11372,-0.14855,
1403636598413555456,-0.08892,0.03277,-0.17473,-0.07344,0.89745,0.12528,0.41654,-0.01427,-0.11015,-0.15191,
1403636598463555584,-0.08740,0.02664,-0.18212,-0.07061,0.89749,0.12532,0.41692,0.09041,-0.10573,-0.15302,
1403636598513555456,-0.08016,0.02156,-0.19014,-0.07016,0.89635,0.12487,0.41958,0.18979,-0.08602,-0.13740,
1403636598563555584,-0.06845,0.01737,-0.19712,-0.07217,0.89375,0.12649,0.42427,0.26931,-0.07390,-0.13699,
1403636598613555456,-0.05281,0.01409,-0.20372,-0.07554,0.89034,0.12733,0.43055,0.32680,-0.05764,-0.12666,
1403636598663555584,-0.03529,0.01127,-0.21038,-0.07999,0.88621,0.12965,0.43751,0.36259,-0.04923,-0.14229,
1403636598713555456,-0.01683,0.00863,-0.21851,-0.08577,0.88130,0.13213,0.44553,0.36496,-0.02806,-0.16715,
1403636598763555584,0.00152,0.00635,-0.22731,-0.09268,0.87541,0.13521,0.45474,0.36103,-0.03005,-0.19445,
1403636598813555456,0.01855,0.00406,-0.23739,-0.09925,0.86941,0.13684,0.46428,0.34123,-0.03002,-0.21465,
1403636598863555584,0.03520,0.00201,-0.24852,-0.10406,0.86326,0.13720,0.47448,0.31961,-0.03306,-0.23733,
1403636598913555456,0.05062,-0.00025,-0.26052,-0.10739,0.85800,0.13591,0.48356,0.30140,-0.03734,-0.24224,
1403636598963555584,0.06492,-0.00238,-0.27282,-0.10758,0.85340,0.13579,0.49163,0.26213,-0.03065,-0.24798,
1403636599013555456,0.07833,-0.00289,-0.28490,-0.10836,0.84947,0.13608,0.49813,0.23567,-0.02118,-0.22642,
1403636599063555584,0.08940,-0.00364,-0.29493,-0.11182,0.84488,0.13536,0.50533,0.19657,-0.00458,-0.18948,
1403636599113555456,0.09847,-0.00413,-0.30379,-0.11720,0.83945,0.13516,0.51314,0.17264,-0.00851,-0.15240,
1403636599163555584,0.10588,-0.00438,-0.31000,-0.12362,0.83243,0.13445,0.52316,0.15048,-0.00436,-0.11175,
1403636599213555456,0.11331,-0.00476,-0.31536,-0.12545,0.82364,0.13357,0.53669,0.15401,0.00288,-0.09718,
1403636599263555584,0.12018,-0.00458,-0.31979,-0.12856,0.81501,0.13041,0.54975,0.13169,0.00395,-0.08738,
1403636599313555456,0.12606,-0.00436,-0.32415,-0.13086,0.80758,0.12752,0.56074,0.12041,0.00367,-0.08538,
1403636599363555584,0.13202,-0.00414,-0.32881,-0.13132,0.80241,0.12495,0.56858,0.10874,0.00109,-0.09751,
1403636599413555456,0.13702,-0.00405,-0.33386,-0.12868,0.79941,0.12361,0.57368,0.09245,-0.00153,-0.10500,
1403636599463555584,0.14147,-0.00396,-0.33907,-0.12457,0.79849,0.12263,0.57607,0.08000,0.00206,-0.09912,
1403636599513555456,0.14527,-0.00394,-0.34397,-0.12174,0.80009,0.11887,0.57525,0.06171,-0.00183,-0.09632,
1403636599563555584,0.14824,-0.00404,-0.34862,-0.11923,0.80242,0.11531,0.57325,0.04051,-0.00365,-0.09124,
1403636599613555456,0.15026,-0.00415,-0.35322,-0.11744,0.80494,0.11292,0.57055,0.02928,-0.00901,-0.08830,
1403636599663555584,0.15201,-0.00455,-0.35775,-0.11520,0.80664,0.11211,0.56876,0.01481,-0.01078,-0.08643,
1403636599713555456,0.15324,-0.00523,-0.36134,-0.11547,0.80609,0.11087,0.56973,0.00602,-0.01692,0.01768,
1403636599763555584,0.15387,-0.00603,-0.36187,-0.11676,0.80057,0.11131,0.57712,0.00457,-0.01868,0.00254,
1403636599813555456,0.15390,-0.00688,-0.36208,-0.11749,0.79586,0.11012,0.58367,0.00480,-0.01307,0.00622,
1403636599863555584,0.15362,-0.00744,-0.36279,-0.11870,0.79219,0.10887,0.58863,-0.02038,-0.00902,-0.01138,
1403636599913555456,0.15355,-0.00805,-0.36344,-0.12057,0.79101,0.10804,0.59000,0.00037,-0.01014,-0.00441,
1403636599963555584,0.15339,-0.00903,-0.36373,-0.12063,0.79179,0.10612,0.58929,0.00421,-0.00783,-0.01324,
1403636600013555456,0.15332,-0.00961,-0.36429,-0.12072,0.79226,0.10488,0.58885,-0.00451,-0.01424,-0.02022,
1403636600063555584,0.15340,-0.01046,-0.36533,-0.12289,0.79223,0.10342,0.58871,0.00687,-0.01717,-0.02992,
1403636600113555456,0.15337,-0.01138,-0.36543,-0.12526,0.79033,0.10175,0.59105,-0.01022,-0.01830,-0.00605,
1403636600163555584,0.15302,-0.01193,-0.36581,-0.12412,0.78990,0.10259,0.59172,0.00104,0.00457,0.00297,
1403636600213555456,0.15355,-0.01123,-0.36543,-0.12514,0.79024,0.10167,0.59121,-0.00292,0.00679,-0.00087,
1403636600263555584,0.15360,-0.01104,-0.36540,-0.12540,0.79020,0.10171,0.59119,-0.00375,0.00034,0.00250,
1403636600313555456,0.15330,-0.01112,-0.36566,-0.12579,0.79019,0.10141,0.59117,-0.00474,-0.00127,0.00176,
1403636600363555584,0.15297,-0.01126,-0.36577,-0.12625,0.79010,0.10094,0.59129,-0.00378,-0.00148,0.00538,
1403636600413555456,0.15279,-0.01146,-0.36566,-0.12628,0.79011,0.10105,0.59125,-0.00185,-0.00471,0.00413,
1403636600463555584,0.15289,-0.01130,-0.36563,-0.12676,0.79016,0.10072,0.59113,-0.00224,-0.00489,0.00492,
1403636600513555456,0.15291,-0.01146,-0.36540,-0.12637,0.79006,0.10078,0.59133,-0.00150,-0.00649,0.00324,
1403636600563555584,0.15290,-0.01147,-0.36521,-0.12599,0.79018,0.10108,0.59120,0.00354,-0.00544,0.00818,
1403636600613555456,0.15293,-0.01124,-0.36517,-0.12636,0.79023,0.10067,0.59113,-0.00512,0.00056,0.00480,
1403636600663555584,0.15304,-0.01122,-0.36515,-0.12609,0.79028,0.10072,0.59111,0.00282,-0.01035,0.00605,
1403636600713555456,0.15289,-0.01140,-0.36516,-0.12607,0.79033,0.10072,0.59104,-0.00306,0.00263,0.00447,
1403636600763555584,0.15260,-0.01157,-0.36511,-0.12623,0.79035,0.10056,0.59102,0.00046,-0.00808,0.00636,
1403636600813555456,0.15258,-0.01164,-0.36506,-0.12576,0.79036,0.10077,0.59107,-0.00376,-0.00059,0.00427,
1403636600863555584,0.15245,-0.01156,-0.36507,-0.12609,0.79043,0.10052,0.59095,0.00062,-0.00443,0.00591,
1403636600913555456,0.15259,-0.01165,-0.36511,-0.12575,0.79041,0.10066,0.59102,-0.00240,-0.00143,0.00493,
1403636600963555584,0.15253,-0.01156,-0.36507,-0.12601,0.79047,0.10040,0.59094,-0.00112,-0.00593,0.00760,
1403636601013555456,0.15254,-0.01165,-0.36504,-0.12555,0.79046,0.10067,0.59099,-0.00218,-0.00189,0.00635,
1403636601063555584,0.15244,-0.01150,-0.36501,-0.12587,0.79052,0.10033,0.59091,-0.00100,-0.00239,0.00692,
1403636601113555456,0.15248,-0.01160,-0.36501,-0.12551,0.79055,0.10055,0.59090,-0.00186,-0.00264,0.00746,
1403636601163555584,0.15246,-0.01152,-0.36505,-0.12574,0.79057,0.10031,0.59087,-0.00201,-0.00286,0.00703,
1403636601213555456,0.15246,-0.01160,-0.36503,-0.12540,0.79058,0.10047,0.59090,-0.00026,-0.00171,0.00779,
1403636601263555584,0.15242,-0.01155,-0.36499,-0.12569,0.79063,0.10022,0.59081,-0.00127,-0.00293,0.00724,
1403636601313555456,0.15244,-0.01165,-0.36500,-0.12529,0.79062,0.10045,0.59087,-0.00047,-0.00464,0.00722,
1403636601363555584,0.15247,-0.01151,-0.36503,-0.12549,0.79066,0.10023,0.59082,-0.00068,-0.00102,0.00726,
1403636601413555456,0.15252,-0.01152,-0.36501,-0.12529,0.79068,0.10031,0.59081,0.00105,-0.00306,0.00758,
1403636601463555584,0.15272,-0.01142,-0.36491,-0.12543,0.79072,0.10014,0.59076,0.00051,-0.00214,0.00820,
1403636601513555456,0.15277,-0.01147,-0.36494,-0.12522,0.79070,0.10025,0.59082,-0.00006,-0.00383,0.00932,
1403636601563555584,0.15268,-0.01150,-0.36492,-0.12533,0.79072,0.10011,0.59079,0.00182,0.00008,0.00955,
1403636601613555456,0.15267,-0.01147,-0.36491,-0.12526,0.79075,0.10016,0.59076,0.00130,-0.00385,0.00823,
1403636601663555584,0.15265,-0.01145,-0.36495,-0.12520,0.79073,0.10008,0.59081,0.00036,-0.00156,0.00926,
1403636601713555456,0.15256,-0.01145,-0.36492,-0.12521,0.79076,0.10005,0.59077,0.00193,-0.00289,0.00828,
1403636601763555584,0.15270,-0.01147,-0.36495,-0.12515,0.79077,0.09999,0.59078,0.00137,-0.00174,0.00785,
1403636601813555456,0.15272,-0.01158,-0.36503,-0.12523,0.79081,0.09994,0.59072,0.00423,-0.00295,0.00902,
1403636601863555584,0.15273,-0.01166,-0.36498,-0.12508,0.79078,0.09995,0.59078,0.00192,-0.00283,0.00949,
1403636601913555456,0.15270,-0.01165,-0.36496,-0.12508,0.79081,0.09994,0.59074,0.00286,-0.00291,0.00940,
1403636601963555584,0.15268,-0.01169,-0.36499,-0.12500,0.79083,0.09997,0.59073,0.00164,-0.00291,0.01001,
1403636602013555456,0.15269,-0.01162,-0.36495,-0.12502,0.79084,0.09982,0.59075,0.00234,-0.00513,0.01073,
1403636602063555584,0.15258,-0.01171,-0.36502,-0.12486,0.79085,0.09993,0.59074,0.00296,-0.00285,0.01036,
1403636602113555456,0.15249,-0.01172,-0.36508,-0.12496,0.79085,0.09974,0.59075,0.00271,-0.00511,0.01073,
1403636602163555584,0.15247,-0.01172,-0.36498,-0.12469,0.79090,0.09991,0.59072,0.00391,-0.00277,0.01090,
1403636602213555456,0.15246,-0.01177,-0.36492,-0.12485,0.79091,0.09982,0.59069,0.00209,-0.00471,0.00889,
1403636602263555584,0.15237,-0.01178,-0.36493,-0.12454,0.79091,0.10001,0.59071,0.00302,-0.00236,0.01084,
1403636602313555456,0.15242,-0.01162,-0.36489,-0.12476,0.79095,0.09981,0.59066,0.00213,-0.00275,0.00936,
1403636602363555584,0.15248,-0.01167,-0.36492,-0.12457,0.79095,0.09994,0.59067,0.00426,-0.00307,0.01006,
1403636602413555456,0.15249,-0.01171,-0.36494,-0.12472,0.79095,0.09980,0.59066,0.00180,-0.00249,0.00913,
1403636602463555584,0.15249,-0.01176,-0.36490,-0.12460,0.79096,0.09984,0.59067,0.00380,-0.00319,0.01068,
1403636602513555456,0.15238,-0.01175,-0.36491,-0.12457,0.79099,0.09981,0.59065,0.00040,-0.00257,0.00959,
1403636602563555584,0.15235,-0.01179,-0.36497,-0.12458,0.79097,0.09980,0.59066,0.00303,-0.00417,0.01004,
1403636602613555456,0.15243,-0.01190,-0.36501,-0.12457,0.79100,0.09981,0.59063,0.00178,-0.00553,0.00950,
1403636602663555584,0.15245,-0.01179,-0.36492,-0.12446,0.79099,0.09981,0.59066,0.00272,-0.00315,0.01097,
1403636602713555456,0.15238,-0.01175,-0.36493,-0.12446,0.79103,0.09975,0.59063,0.00114,-0.00352,0.00971,
1403636602763555584,0.15247,-0.01171,-0.36486,-0.12443,0.79104,0.09968,0.59063,0.00323,-0.00498,0.01155,
1403636602813555456,0.15235,-0.01165,-0.36491,-0.12432,0.79104,0.09970,0.59065,0.00031,-0.00277,0.00916,
1403636602863555584,0.15231,-0.01171,-0.36498,-0.12437,0.79105,0.09966,0.59063,0.00227,-0.00611,0.01051,
1403636602913555456,0.15227,-0.01172,-0.36493,-0.12425,0.79105,0.09972,0.59064,0.00149,-0.00362,0.01115,
1403636602963555584,0.15244,-0.01173,-0.36487,-0.12430,0.79106,0.09960,0.59064,0.00348,-0.00563,0.01155,
1403636603013555456,0.15247,-0.01176,-0.36491,-0.12416,0.79105,0.09971,0.59066,0.00266,-0.00254,0.01103,
1403636603063555584,0.15234,-0.01184,-0.36499,-0.12427,0.79106,0.09966,0.59064,0.00225,-0.00444,0.01101,
1403636603113555456,0.15237,-0.01164,-0.36486,-0.12407,0.79107,0.09965,0.59067,0.00138,-0.00315,0.01221,
1403636603163555584,0.15231,-0.01159,-0.36482,-0.12411,0.79111,0.09956,0.59061,0.00108,-0.00366,0.01081,
1403636603213555456,0.15229,-0.01177,-0.36491,-0.12408,0.79113,0.09963,0.59059,0.00258,-0.00430,0.01066,
1403636603263555584,0.15231,-0.01173,-0.36495,-0.12408,0.79110,0.09960,0.59063,0.00129,-0.00398,0.01108,
1403636603313555456,0.15239,-0.01168,-0.36487,-0.12402,0.79112,0.09958,0.59062,0.00256,-0.00423,0.01205,
1403636603363555584,0.15239,-0.01172,-0.36491,-0.12404,0.79113,0.09954,0.59061,0.00230,-0.00528,0.01059,
1403636603413555456,0.15220,-0.01173,-0.36497,-0.12393,0.79110,0.09959,0.59067,0.00090,-0.00351,0.01149,
1403636603463555584,0.15213,-0.01174,-0.36493,-0.12393,0.79113,0.09958,0.59063,0.00163,-0.00381,0.01157,
1403636603513555456,0.15224,-0.01183,-0.36490,-0.12392,0.79116,0.09963,0.59059,0.00187,-0.00416,0.01198,
1403636603563555584,0.15221,-0.01193,-0.36504,-0.12398,0.79116,0.09952,0.59059,-0.00030,-0.00564,0.01113,
1403636603613555456,0.15225,-0.01169,-0.36481,-0.12380,0.79121,0.09956,0.59055,0.00234,-0.00106,0.01230,
1403636603663555584,0.15231,-0.01176,-0.36483,-0.12384,0.79120,0.09956,0.59056,0.00076,-0.00336,0.01107,
1403636603713555456,0.15231,-0.01178,-0.36484,-0.12382,0.79121,0.09955,0.59055,0.00045,-0.00368,0.01200,
1403636603763555584,0.15199,-0.01166,-0.36476,-0.12372,0.79122,0.09949,0.59056,-0.00099,-0.00130,0.01066,
1403636603813555456,0.15190,-0.01186,-0.36491,-0.12378,0.79126,0.09940,0.59051,-0.00126,-0.00676,0.00875,
1403636603863555584,0.15216,-0.01167,-0.36477,-0.12371,0.79121,0.09944,0.59058,0.00193,-0.00076,0.01223,
1403636603913555456,0.15209,-0.01185,-0.36492,-0.12387,0.79126,0.09937,0.59050,0.00076,-0.00681,0.01067,
1403636603963555584,0.15217,-0.01161,-0.36470,-0.12356,0.79124,0.09950,0.59056,-0.00154,0.00042,0.01183,
1403636604013555456,0.15202,-0.01163,-0.36479,-0.12376,0.79125,0.09936,0.59053,0.00234,-0.00316,0.01166,
1403636604063555584,0.15215,-0.01170,-0.36478,-0.12365,0.79127,0.09943,0.59052,0.00054,-0.00397,0.01081,
1403636604113555456,0.15211,-0.01162,-0.36474,-0.12367,0.79127,0.09938,0.59053,0.00030,-0.00228,0.01197,
1403636604163555584,0.15210,-0.01167,-0.36475,-0.12354,0.79128,0.09946,0.59053,0.00097,-0.00348,0.01180,
1403636604213555456,0.15212,-0.01191,-0.36503,-0.12369,0.79127,0.09930,0.59053,-0.00025,-0.00604,0.01149,
1403636604263555584,0.15218,-0.01168,-0.36481,-0.12350,0.79129,0.09940,0.59053,0.00112,-0.00059,0.01260,
1403636604313555456,0.15215,-0.01164,-0.36482,-0.12354,0.79132,0.09933,0.59050,-0.00024,-0.00240,0.01243,
1403636604363555584,0.15210,-0.01166,-0.36480,-0.12348,0.79133,0.09935,0.59050,0.00094,-0.00367,0.01337,
1403636604413555456,0.15225,-0.01171,-0.36478,-0.12358,0.79133,0.09929,0.59048,0.00071,-0.00554,0.01372,
1403636604463555584,0.15225,-0.01175,-0.36478,-0.12347,0.79132,0.09938,0.59050,-0.00055,-0.00399,0.01095,
1403636604513555456,0.15211,-0.01170,-0.36481,-0.12343,0.79132,0.09935,0.59051,-0.00065,-0.00198,0.01184,
1403636604563555584,0.15205,-0.01162,-0.36482,-0.12338,0.79134,0.09930,0.59051,0.00077,-0.00360,0.01239,
1403636604613555456,0.15209,-0.01165,-0.36481,-0.12336,0.79135,0.09931,0.59050,0.00002,-0.00244,0.01234,
1403636604663555584,0.15212,-0.01172,-0.36481,-0.12342,0.79137,0.09933,0.59046,0.00067,-0.00404,0.01193,
1403636604713555456,0.15212,-0.01173,-0.36481,-0.12338,0.79137,0.09933,0.59047,-0.00020,-0.00279,0.01206,
1403636604763555584,0.15220,-0.01177,-0.36482,-0.12337,0.79139,0.09932,0.59044,0.00073,-0.00461,0.01251,
1403636604813555456,0.15224,-0.01180,-0.36484,-0.12334,0.79137,0.09939,0.59046,-0.00050,-0.00313,0.01364,
1403636604863555584,0.15219,-0.01176,-0.36484,-0.12331,0.79138,0.09935,0.59046,-0.00097,-0.00299,0.01324,
1403636604913555456,0.15215,-0.01169,-0.36484,-0.12325,0.79139,0.09931,0.59046,-0.00115,-0.00434,0.01273,
